id;uuid;permalink;firstname;lastname;alsoknownas;bio;profileimageid;roleinvestor;bornon;bornontrustcode;diedon;diedontrustcode;createdat;updatedat;permalinkaliases;gender;rank;primaryaffiliationid;primarylocationid;primaryimageid;title;homepageurl;facebookurl;twitterurl;linkedinurl;cityname;regionname;countrycode
1;withdrawal Club Nebraska;Nevada quantify architectures;empower;customized payment;Grass-roots Cambridgeshire;Personal Loan Account;23722;false;2019-08-22T17:55:41;22533;2019-08-22T16:42:08;36535;2019-08-22T14:28:05;2019-08-22T08:39:49;hacking;scalable;17337;5565;89676;84231;Sleek Steel Shirt;Strategist Fresh incubate;Human Jewelery Engineer;Fish Tanzanian Shilling;hard drive Mexico Gardens;override silver orchestration;tan program;Metal Auto Loan Account
2;Awesome;Sausages Haven;Checking Account frictionless;Rubber Awesome Frozen Mouse;Trinidad and Tobago Dollar;Customer-focused;68150;false;2019-08-22T02:07:32;11669;2019-08-22T06:04:33;47316;2019-08-22T09:03:12;2019-08-22T05:49:29;cross-platform Unbranded;calculating Administrator Frozen;73086;99092;93834;20500;streamline;synthesize Arizona synthesizing;synthesizing;indigo Bacon Mouse;Programmable payment National;HDD;Tanzanian Shilling Lights;e-enable Plaza intranet
3;convergence Idaho customized;synthesize Bahrain;Pre-emptive Bouvet Island (Bouvetoya) experiences;Credit Card Account;Belize Dollar Bacon;Investment Account Rwanda Customer;78859;true;2019-08-22T16:43:51;75240;2019-08-22T12:53:23;70698;2019-08-22T14:24:26;2019-08-22T01:41:08;Steel salmon application;USB scalable;82125;53648;11063;37882;Creek Investment Account Buckinghamshire;Shoes Intuitive;synthesize Baby Credit Card Account;Portugal Persistent;hacking Interactions;Idaho strategize;value-added Savings Account;Connecticut Avon Money Market Account
4;bus;Security Virginia;solid state Clothing deposit;Maine Checking Account markets;Unbranded programming District;Concrete;98484;false;2019-08-22T00:14:15;18632;2019-08-22T17:22:45;83749;2019-08-21T22:16:16;2019-08-22T12:23:58;instruction set Persistent Investment Account;Handmade Plastic Mouse neural;463;60372;33349;11426;relationships JSON;web-enabled interactive capacitor;Idaho Grocery;Concrete Towels Avon;Automotive frame;Indiana deposit Electronics;Bedfordshire Strategist;Towels applications
5;Zimbabwe;Bedfordshire;application scale;indigo National;Expressway;Tools Street;56484;true;2019-08-22T18:47:38;29404;2019-08-22T01:45:31;71405;2019-08-22T09:29:32;2019-08-22T07:42:27;Japan Knoll;Rhode Island Computer;18192;33436;86178;7550;navigate didactic Dynamic;schemas Industrial;calculating;withdrawal Toys white;olive;Kids Incredible;Florida THX Idaho;Licensed Visionary pixel
6;neural Markets Branding;maroon;superstructure;Kids;microchip;Music Salad North Carolina;42142;true;2019-08-21T22:56:49;91062;2019-08-22T00:45:09;62476;2019-08-22T12:10:03;2019-08-22T12:18:37;navigating;Alaska solution-oriented;62414;34519;40941;77383;magnetic SQL;Metrics;back-end Fresh Missouri;Central digital supply-chains;Bedfordshire;Peru withdrawal Down-sized;invoice;Liaison Tonga
7;Lari;Sports Global Soft;Bedfordshire Awesome Cotton Tuna;calculating yellow;Wooden;Future;87389;true;2019-08-22T06:01:59;25073;2019-08-22T05:57:31;63309;2019-08-22T04:24:37;2019-08-22T08:30:31;Virginia;niches drive Ireland;4696;35387;16628;95862;Car Generic compress;generate;action-items;monitor methodology West Virginia;reintermediate Factors;sensor;4th generation;clear-thinking Auto Loan Account
8;indexing;Savings Account extensible connect;robust;interface Buckinghamshire;Investment Account Forge Licensed;auxiliary;69469;true;2019-08-22T13:50:22;525;2019-08-22T06:12:20;10309;2019-08-22T11:42:28;2019-08-22T12:49:15;solid state;Soft Quality Mount;18513;8670;54190;95817;input invoice calculate;Philippine Peso parsing Triple-buffered;deposit Rand Namibia Dollar;Branding;Handcrafted Rubber Sausages;Towels Mississippi Product;Metal;complexity Direct Administrator
9;online program Refined Granite Gloves;quantifying Baby;one-to-one Connecticut;Unbranded Tugrik;models streamline;projection Maldives;79072;true;2019-08-22T12:43:15;73785;2019-08-22T05:20:59;52016;2019-08-21T23:06:28;2019-08-22T10:07:39;SSL web-readiness;JBOD Books;87470;18547;52893;38396;Data Tasty Steel Pants Licensed Steel Shirt;Manor;Utah zero defect;bypass e-services;Russian Federation program;Practical;emulation SQL;Persevering Gorgeous Steel Salad Associate
10;Fantastic whiteboard;lavender;neural Cloned Massachusetts;SCSI Communications Underpass;Officer parse;Intuitive;94273;true;2019-08-22T04:46:47;23056;2019-08-22T05:47:08;83064;2019-08-22T08:04:00;2019-08-22T17:28:58;Intelligent Cotton Bike;lavender;77958;82620;35012;80076;invoice;EXE;Personal Loan Account Chile foreground;connect Zimbabwe Dollar;Forward;Pre-emptive Reduced;Kids Customer;Practical AI didactic
